"اسمي سلطانمرحباًمن اين انت؟انا من ولاية كارولينا الشمال1234عندي 47 قططاسمي Jeremy في الانجليزيةهل انت شباك؟Jeremy is جرمي in Arabic",
مرحباً,اسمي سلطان
انا من ولاية كارولينا الشمال,من اين انت؟
1234,عندي 47 قطط
هل انت شباك؟,اسمي Jeremy في الانجليزية
Jeremy is جرمي in Arabic,
"",
"اسمي سلطانمرحباًمن اين انت؟انا من ولاية كارولينا الشمال1234عندي 47 قططاسمي Jeremy في الانجليزيةهل انت شباك؟Jeremy is جرمي in Arabic",
مرحباً,اسمي سلطان
انا من ولاية كارولينا الشمال,من اين انت؟
1234,عندي 47 قطط
هل انت شباك؟,اسمي Jeremy في الانجليزية
Jeremy is جرمي in Arabic,
